{
  "rtime": {
    "sum": 49.232101917266846,
    "avg": 1.8935423814333403,
    "min": 1.0922179222106934,
    "p10": 1.7645376920700073,
    "median": 1.7679146528244019,
    "p75": 2.09818696975708,
    "max": 2.1001548767089844,
    "count": 26
  },
  "utime": {
    "sum": 9.460235000000001,
    "avg": 0.36385519230769237,
    "min": 0.252846,
    "p10": 0.3437925,
    "median": 0.345146,
    "p75": 0.3940675,
    "max": 0.395013,
    "count": 26
  },
  "stime": {
    "sum": 1.577898,
    "avg": 0.060688384615384616,
    "min": 0.023917,
    "p10": 0.0588265,
    "median": 0.0605545,
    "p75": 0.06475249999999999,
    "max": 0.065758,
    "count": 26
  },
  "cutime": {
    "sum": 80.33917799999996,
    "avg": 3.089968384615383,
    "min": 1.448577,
    "p10": 2.898573,
    "median": 2.898573,
    "p75": 3.434096,
    "max": 3.434096,
    "count": 26
  },
  "cstime": {
    "sum": 5.584593,
    "avg": 0.21479203846153846,
    "min": 0.128607,
    "p10": 0.195558,
    "median": 0.195558,
    "p75": 0.242811,
    "max": 0.242811,
    "count": 26
  },
  "minor_gb": {
    "sum": 3.229495994746685,
    "avg": 0.12421138441333404,
    "min": 0.042684778571128845,
    "p10": 0.1197892464697361,
    "median": 0.12049895897507668,
    "p75": 0.135373767465353,
    "max": 0.13590064644813538,
    "count": 26
  },
  "promoted_gb": {
    "sum": 0.47229308634996414,
    "avg": 0.01816511870576785,
    "min": 0.012115299701690674,
    "p10": 0.017473287880420685,
    "median": 0.017473287880420685,
    "p75": 0.019418753683567047,
    "max": 0.019418753683567047,
    "count": 26
  },
  "major_gb": {
    "sum": 0.5425713136792183,
    "avg": 0.020868127449200705,
    "min": 0.01480749249458313,
    "p10": 0.020815588533878326,
    "median": 0.020815588533878326,
    "p75": 0.02143009752035141,
    "max": 0.02143009752035141,
    "count": 26
  },
  "allocated_gb": {
    "sum": 3.299774222075939,
    "avg": 0.1269143931567669,
    "min": 0.0453769713640213,
    "p10": 0.12313154712319374,
    "median": 0.12384125962853432,
    "p75": 0.13738511130213737,
    "max": 0.13791199028491974,
    "count": 26
  },
  "minor_collections": {
    "sum": 672.0,
    "avg": 25.846153846153847,
    "min": 10.0,
    "p10": 26.0,
    "median": 26.0,
    "p75": 27.0,
    "max": 27.0,
    "count": 26
  },
  "major_collections": {
    "sum": 63.0,
    "avg": 2.423076923076923,
    "min": 1.0,
    "p10": 2.0,
    "median": 2.0,
    "p75": 3.0,
    "max": 3.0,
    "count": 26
  },
  "compactions": {
    "sum": 0.0,
    "avg": 0.0,
    "min": 0.0,
    "p10": 0.0,
    "median": 0.0,
    "p75": 0.0,
    "max": 0.0,
    "count": 26
  },
  "top_heap_gb": {
    "sum": 0.5142478942871094,
    "avg": 0.01977876516488882,
    "min": 0.01645660400390625,
    "p10": 0.019641876220703125,
    "median": 0.019901275634765625,
    "p75": 0.020160675048828125,
    "max": 0.020160675048828125,
    "count": 26
  },
  "stack_kb": {
    "sum": 9.546875,
    "avg": 0.3671875,
    "min": 0.3671875,
    "p10": 0.3671875,
    "median": 0.3671875,
    "p75": 0.3671875,
    "max": 0.3671875,
    "count": 26
  },
  "minor_heap_kb": {
    "sum": 212992.0,
    "avg": 8192.0,
    "min": 8192.0,
    "p10": 8192.0,
    "median": 8192.0,
    "p75": 8192.0,
    "max": 8192.0,
    "count": 26
  },
  "attributes_table": {
    "num_bindings": {
      "sum": 0.0,
      "avg": 0.0,
      "min": 0.0,
      "p10": 0.0,
      "median": 0.0,
      "p75": 0.0,
      "max": 0.0,
      "count": 26
    },
    "num_buckets": {
      "sum": 416.0,
      "avg": 16.0,
      "min": 16.0,
      "p10": 16.0,
      "median": 16.0,
      "p75": 16.0,
      "max": 16.0,
      "count": 26
    },
    "max_bucket_length": {
      "sum": 0.0,
      "avg": 0.0,
      "min": 0.0,
      "p10": 0.0,
      "median": 0.0,
      "p75": 0.0,
      "max": 0.0,
      "count": 26
    }
  }
}