{
  "rtime": {
    "sum": 1.9142982959747314,
    "avg": 0.9571491479873657,
    "min": 0.8572051525115967,
    "p10": 0.9571491479873657,
    "median": 0.9571491479873657,
    "p75": 0.9571491479873657,
    "max": 1.0570931434631348,
    "count": 2
  },
  "utime": {
    "sum": 0.45919599999999994,
    "avg": 0.22959799999999997,
    "min": 0.219196,
    "p10": 0.22959799999999997,
    "median": 0.22959799999999997,
    "p75": 0.22959799999999997,
    "max": 0.23999999999999996,
    "count": 2
  },
  "stime": {
    "sum": 0.04972,
    "avg": 0.02486,
    "min": 0.020935000000000002,
    "p10": 0.02486,
    "median": 0.02486,
    "p75": 0.02486,
    "max": 0.028785,
    "count": 2
  },
  "cutime": {
    "sum": 2.755731,
    "avg": 1.3778655,
    "min": 1.182833,
    "p10": 1.3778655,
    "median": 1.3778655,
    "p75": 1.3778655,
    "max": 1.572898,
    "count": 2
  },
  "cstime": {
    "sum": 0.203754,
    "avg": 0.101877,
    "min": 0.089432,
    "p10": 0.101877,
    "median": 0.101877,
    "p75": 0.101877,
    "max": 0.114322,
    "count": 2
  },
  "minor_gb": {
    "sum": 0.09802678972482681,
    "avg": 0.049013394862413406,
    "min": 0.042732954025268555,
    "p10": 0.049013394862413406,
    "median": 0.049013394862413406,
    "p75": 0.049013394862413406,
    "max": 0.05529383569955826,
    "count": 2
  },
  "promoted_gb": {
    "sum": 0.0249292254447937,
    "avg": 0.01246461272239685,
    "min": 0.012117065489292145,
    "p10": 0.01246461272239685,
    "median": 0.01246461272239685,
    "p75": 0.01246461272239685,
    "max": 0.012812159955501556,
    "count": 2
  },
  "major_gb": {
    "sum": 0.02834392338991165,
    "avg": 0.014171961694955826,
    "min": 0.014155477285385132,
    "p10": 0.014171961694955826,
    "median": 0.014171961694955826,
    "p75": 0.014171961694955826,
    "max": 0.01418844610452652,
    "count": 2
  },
  "allocated_gb": {
    "sum": 0.10144148766994476,
    "avg": 0.05072074383497238,
    "min": 0.04477136582136154,
    "p10": 0.05072074383497238,
    "median": 0.05072074383497238,
    "p75": 0.05072074383497238,
    "max": 0.05667012184858322,
    "count": 2
  },
  "minor_collections": {
    "sum": 21.0,
    "avg": 10.5,
    "min": 10.0,
    "p10": 10.5,
    "median": 10.5,
    "p75": 10.5,
    "max": 11.0,
    "count": 2
  },
  "major_collections": {
    "sum": 2.0,
    "avg": 1.0,
    "min": 1.0,
    "p10": 1.0,
    "median": 1.0,
    "p75": 1.0,
    "max": 1.0,
    "count": 2
  },
  "compactions": {
    "sum": 0.0,
    "avg": 0.0,
    "min": 0.0,
    "p10": 0.0,
    "median": 0.0,
    "p75": 0.0,
    "max": 0.0,
    "count": 2
  },
  "top_heap_gb": {
    "sum": 0.02976226806640625,
    "avg": 0.014881134033203125,
    "min": 0.014850616455078125,
    "p10": 0.014881134033203125,
    "median": 0.014881134033203125,
    "p75": 0.014881134033203125,
    "max": 0.014911651611328125,
    "count": 2
  },
  "stack_kb": {
    "sum": 0.734375,
    "avg": 0.3671875,
    "min": 0.3671875,
    "p10": 0.3671875,
    "median": 0.3671875,
    "p75": 0.3671875,
    "max": 0.3671875,
    "count": 2
  },
  "minor_heap_kb": {
    "sum": 16384.0,
    "avg": 8192.0,
    "min": 8192.0,
    "p10": 8192.0,
    "median": 8192.0,
    "p75": 8192.0,
    "max": 8192.0,
    "count": 2
  },
  "attributes_table": {
    "num_bindings": {
      "sum": 0.0,
      "avg": 0.0,
      "min": 0.0,
      "p10": 0.0,
      "median": 0.0,
      "p75": 0.0,
      "max": 0.0,
      "count": 2
    },
    "num_buckets": {
      "sum": 32.0,
      "avg": 16.0,
      "min": 16.0,
      "p10": 16.0,
      "median": 16.0,
      "p75": 16.0,
      "max": 16.0,
      "count": 2
    },
    "max_bucket_length": {
      "sum": 0.0,
      "avg": 0.0,
      "min": 0.0,
      "p10": 0.0,
      "median": 0.0,
      "p75": 0.0,
      "max": 0.0,
      "count": 2
    }
  }
}