{
  "rtime": {
    "sum": 47.702428579330444,
    "avg": 1.8347087915127094,
    "min": 0.9651799201965332,
    "p10": 1.7263180017471313,
    "median": 1.728888988494873,
    "p75": 2.0239449739456177,
    "max": 2.0257720947265625,
    "count": 26
  },
  "utime": {
    "sum": 8.768755999999998,
    "avg": 0.3372598461538461,
    "min": 0.222125,
    "p10": 0.2952405,
    "median": 0.296453,
    "p75": 0.39167850000000004,
    "max": 0.392548,
    "count": 26
  },
  "stime": {
    "sum": 1.3466740000000001,
    "avg": 0.05179515384615385,
    "min": 0.019342,
    "p10": 0.0479215,
    "median": 0.0492785,
    "p75": 0.057955,
    "max": 0.058821,
    "count": 26
  },
  "cutime": {
    "sum": 76.56633800000002,
    "avg": 2.9448591538461546,
    "min": 1.294352,
    "p10": 2.922486,
    "median": 2.922486,
    "p75": 3.106639,
    "max": 3.106639,
    "count": 26
  },
  "cstime": {
    "sum": 4.493044,
    "avg": 0.17280938461538461,
    "min": 0.102574,
    "p10": 0.170766,
    "median": 0.170766,
    "p75": 0.180876,
    "max": 0.180876,
    "count": 26
  },
  "minor_gb": {
    "sum": 3.229147143661976,
    "avg": 0.12419796706392215,
    "min": 0.042684778571128845,
    "p10": 0.11977658420801163,
    "median": 0.12048479914665222,
    "p75": 0.1353597193956375,
    "max": 0.1358841508626938,
    "count": 26
  },
  "promoted_gb": {
    "sum": 0.4722679555416107,
    "avg": 0.0181641521362158,
    "min": 0.012115299701690674,
    "p10": 0.017472833395004272,
    "median": 0.017472833395004272,
    "p75": 0.01941715180873871,
    "max": 0.01941715180873871,
    "count": 26
  },
  "major_gb": {
    "sum": 0.5425333008170128,
    "avg": 0.020866665416038953,
    "min": 0.01480749249458313,
    "p10": 0.020814143121242523,
    "median": 0.020814143121242523,
    "p75": 0.02142849564552307,
    "max": 0.02142849564552307,
    "count": 26
  },
  "allocated_gb": {
    "sum": 3.299412488937378,
    "avg": 0.1269004803437453,
    "min": 0.0453769713640213,
    "p10": 0.12311789393424988,
    "median": 0.12382610887289047,
    "p75": 0.13737106323242188,
    "max": 0.13789549469947815,
    "count": 26
  },
  "minor_collections": {
    "sum": 672.0,
    "avg": 25.846153846153847,
    "min": 10.0,
    "p10": 26.0,
    "median": 26.0,
    "p75": 27.0,
    "max": 27.0,
    "count": 26
  },
  "major_collections": {
    "sum": 63.0,
    "avg": 2.423076923076923,
    "min": 1.0,
    "p10": 2.0,
    "median": 2.0,
    "p75": 3.0,
    "max": 3.0,
    "count": 26
  },
  "compactions": {
    "sum": 0.0,
    "avg": 0.0,
    "min": 0.0,
    "p10": 0.0,
    "median": 0.0,
    "p75": 0.0,
    "max": 0.0,
    "count": 26
  },
  "top_heap_gb": {
    "sum": 0.5142478942871094,
    "avg": 0.01977876516488882,
    "min": 0.01645660400390625,
    "p10": 0.019641876220703125,
    "median": 0.019901275634765625,
    "p75": 0.020160675048828125,
    "max": 0.020160675048828125,
    "count": 26
  },
  "stack_kb": {
    "sum": 9.546875,
    "avg": 0.3671875,
    "min": 0.3671875,
    "p10": 0.3671875,
    "median": 0.3671875,
    "p75": 0.3671875,
    "max": 0.3671875,
    "count": 26
  },
  "minor_heap_kb": {
    "sum": 212992.0,
    "avg": 8192.0,
    "min": 8192.0,
    "p10": 8192.0,
    "median": 8192.0,
    "p75": 8192.0,
    "max": 8192.0,
    "count": 26
  },
  "attributes_table": {
    "num_bindings": {
      "sum": 0.0,
      "avg": 0.0,
      "min": 0.0,
      "p10": 0.0,
      "median": 0.0,
      "p75": 0.0,
      "max": 0.0,
      "count": 26
    },
    "num_buckets": {
      "sum": 416.0,
      "avg": 16.0,
      "min": 16.0,
      "p10": 16.0,
      "median": 16.0,
      "p75": 16.0,
      "max": 16.0,
      "count": 26
    },
    "max_bucket_length": {
      "sum": 0.0,
      "avg": 0.0,
      "min": 0.0,
      "p10": 0.0,
      "median": 0.0,
      "p75": 0.0,
      "max": 0.0,
      "count": 26
    }
  }
}