{
  "rtime": 1.7659320831298828,
  "utime": 0.34429,
  "stime": 0.05964699999999999,
  "cutime": 2.898573,
  "cstime": 0.195558,
  "minor_gb": 0.12003782391548157,
  "promoted_gb": 0.017473287880420685,
  "major_gb": 0.020815588533878326,
  "allocated_gb": 0.12338012456893921,
  "minor_collections": 26,
  "major_collections": 2,
  "compactions": 0,
  "top_heap_gb": 0.020160675048828125,
  "stack_kb": 0.3671875,
  "minor_heap_kb": 8192.0,
  "attributes_table": {
    "num_bindings": 0,
    "num_buckets": 16,
    "max_bucket_length": 0
  }
}