{
  "rtime": 1.0570931434631348,
  "utime": 0.23999999999999996,
  "stime": 0.028785,
  "cutime": 1.572898,
  "cstime": 0.114322,
  "minor_gb": 0.05529383569955826,
  "promoted_gb": 0.012812159955501556,
  "major_gb": 0.01418844610452652,
  "allocated_gb": 0.05667012184858322,
  "minor_collections": 11,
  "major_collections": 1,
  "compactions": 0,
  "top_heap_gb": 0.014850616455078125,
  "stack_kb": 0.3671875,
  "minor_heap_kb": 8192.0,
  "attributes_table": {
    "num_bindings": 0,
    "num_buckets": 16,
    "max_bucket_length": 0
  }
}