{
  "rtime": 2.097491979598999,
  "utime": 0.393731,
  "stime": 0.064411,
  "cutime": 3.434096,
  "cstime": 0.242811,
  "minor_gb": 0.13519775867462158,
  "promoted_gb": 0.019418753683567047,
  "major_gb": 0.02143009752035141,
  "allocated_gb": 0.13720910251140594,
  "minor_collections": 27,
  "major_collections": 3,
  "compactions": 0,
  "top_heap_gb": 0.019641876220703125,
  "stack_kb": 0.3671875,
  "minor_heap_kb": 8192.0,
  "attributes_table": {
    "num_bindings": 0,
    "num_buckets": 16,
    "max_bucket_length": 0
  }
}