{
  "rtime": 2.0977439880371094,
  "utime": 0.393864,
  "stime": 0.06452999999999999,
  "cutime": 3.434096,
  "cstime": 0.242811,
  "minor_gb": 0.13526800274848938,
  "promoted_gb": 0.019418753683567047,
  "major_gb": 0.02143009752035141,
  "allocated_gb": 0.13727934658527374,
  "minor_collections": 27,
  "major_collections": 3,
  "compactions": 0,
  "top_heap_gb": 0.019641876220703125,
  "stack_kb": 0.3671875,
  "minor_heap_kb": 8192.0,
  "attributes_table": {
    "num_bindings": 0,
    "num_buckets": 16,
    "max_bucket_length": 0
  }
}