{
  "rtime": 1.0922179222106934,
  "utime": 0.252846,
  "stime": 0.023917,
  "cutime": 1.448577,
  "cstime": 0.128607,
  "minor_gb": 0.042684778571128845,
  "promoted_gb": 0.012115299701690674,
  "major_gb": 0.01480749249458313,
  "allocated_gb": 0.0453769713640213,
  "minor_collections": 10,
  "major_collections": 1,
  "compactions": 0,
  "top_heap_gb": 0.01645660400390625,
  "stack_kb": 0.3671875,
  "minor_heap_kb": 8192.0,
  "attributes_table": {
    "num_bindings": 0,
    "num_buckets": 16,
    "max_bucket_length": 0
  }
}