{
  "rtime": 1.7652831077575684,
  "utime": 0.344143,
  "stime": 0.059183,
  "cutime": 2.898573,
  "cstime": 0.195558,
  "minor_gb": 0.11996680498123169,
  "promoted_gb": 0.017473287880420685,
  "major_gb": 0.020815588533878326,
  "allocated_gb": 0.12330910563468933,
  "minor_collections": 26,
  "major_collections": 2,
  "compactions": 0,
  "top_heap_gb": 0.020160675048828125,
  "stack_kb": 0.3671875,
  "minor_heap_kb": 8192.0,
  "attributes_table": {
    "num_bindings": 0,
    "num_buckets": 16,
    "max_bucket_length": 0
  }
}