{
  "rtime": 1.7289979457855225,
  "utime": 0.29651700000000003,
  "stime": 0.049324,
  "cutime": 2.922486,
  "cstime": 0.170766,
  "minor_gb": 0.12052012234926224,
  "promoted_gb": 0.017472833395004272,
  "major_gb": 0.020814143121242523,
  "allocated_gb": 0.12386143207550049,
  "minor_collections": 26,
  "major_collections": 2,
  "compactions": 0,
  "top_heap_gb": 0.020160675048828125,
  "stack_kb": 0.3671875,
  "minor_heap_kb": 8192.0,
  "attributes_table": {
    "num_bindings": 0,
    "num_buckets": 16,
    "max_bucket_length": 0
  }
}