{
  "rtime": 2.0986239910125732,
  "utime": 0.394273,
  "stime": 0.064982,
  "cutime": 3.434096,
  "cstime": 0.242811,
  "minor_gb": 0.1354791224002838,
  "promoted_gb": 0.019418753683567047,
  "major_gb": 0.02143009752035141,
  "allocated_gb": 0.13749046623706818,
  "minor_collections": 27,
  "major_collections": 3,
  "compactions": 0,
  "top_heap_gb": 0.019641876220703125,
  "stack_kb": 0.3671875,
  "minor_heap_kb": 8192.0,
  "attributes_table": {
    "num_bindings": 0,
    "num_buckets": 16,
    "max_bucket_length": 0
  }
}