{
  "rtime": 2.0129659175872803,
  "utime": 0.391182,
  "stime": 0.057149000000000005,
  "cutime": 3.106639,
  "cstime": 0.180876,
  "minor_gb": 0.13504529744386673,
  "promoted_gb": 0.01941715180873871,
  "major_gb": 0.02142849564552307,
  "allocated_gb": 0.1370566412806511,
  "minor_collections": 27,
  "major_collections": 3,
  "compactions": 0,
  "top_heap_gb": 0.019641876220703125,
  "stack_kb": 0.3671875,
  "minor_heap_kb": 8192.0,
  "attributes_table": {
    "num_bindings": 0,
    "num_buckets": 16,
    "max_bucket_length": 0
  }
}