{
  "rtime": 1.7643651962280273,
  "utime": 0.343716,
  "stime": 0.058747999999999995,
  "cutime": 2.898573,
  "cstime": 0.195558,
  "minor_gb": 0.11975372582674026,
  "promoted_gb": 0.017473287880420685,
  "major_gb": 0.020815588533878326,
  "allocated_gb": 0.1230960264801979,
  "minor_collections": 26,
  "major_collections": 2,
  "compactions": 0,
  "top_heap_gb": 0.020160675048828125,
  "stack_kb": 0.3671875,
  "minor_heap_kb": 8192.0,
  "attributes_table": {
    "num_bindings": 0,
    "num_buckets": 16,
    "max_bucket_length": 0
  }
}