{
  "rtime": 21.925063133239746,
  "utime": 0.017403000000000002,
  "stime": 0.021945999999999997,
  "cutime": 23.593146,
  "cstime": 2.939888,
  "minor_gb": 0.009184055030345917,
  "promoted_gb": 0.001539185643196106,
  "major_gb": 0.002731308341026306,
  "allocated_gb": 0.010376177728176117,
  "minor_collections": 5,
  "major_collections": 0,
  "compactions": 0,
  "top_heap_gb": 0.003662109375,
  "stack_kb": 0.3671875,
  "minor_heap_kb": 8192.0,
  "attributes_table": {
    "num_bindings": 0,
    "num_buckets": 16,
    "max_bucket_length": 0
  }
}