{
  "rtime": {
    "sum": 6.2623045444488525,
    "avg": 0.23193720534995751,
    "min": 0.025243043899536133,
    "p10": 0.026270627975463867,
    "median": 0.06081795692443848,
    "p75": 0.09375953674316406,
    "max": 1.9361162185668945,
    "count": 27
  },
  "utime": {
    "sum": 4.270661,
    "avg": 0.1581726296296296,
    "min": 0.010515,
    "p10": 0.010947000000000002,
    "median": 0.037302,
    "p75": 0.0396475,
    "max": 1.621611,
    "count": 27
  },
  "stime": {
    "sum": 0.271202,
    "avg": 0.010044518518518519,
    "min": 0.0036220000000000002,
    "p10": 0.003746,
    "median": 0.007812000000000001,
    "p75": 0.009757500000000001,
    "max": 0.039195,
    "count": 27
  },
  "cutime": {
    "sum": 1.384226,
    "avg": 0.05126762962962963,
    "min": 0.003157,
    "p10": 0.0032605,
    "median": 0.003439,
    "p75": 0.0036035,
    "max": 1.294352,
    "count": 27
  },
  "cstime": {
    "sum": 0.23930599999999996,
    "avg": 0.008863185185185184,
    "min": 0.004263,
    "p10": 0.004398,
    "median": 0.005131,
    "p75": 0.0057745,
    "max": 0.102574,
    "count": 27
  },
  "minor_gb": {
    "sum": 5.537249997258186,
    "avg": 0.20508333323178468,
    "min": 0.007158651947975159,
    "p10": 0.0071587711572647095,
    "median": 0.010141998529434204,
    "p75": 0.010630760341882706,
    "max": 2.519087053835392,
    "count": 27
  },
  "promoted_gb": {
    "sum": 0.10672713816165924,
    "avg": 0.003952856968950342,
    "min": 0.0015852153301239014,
    "p10": 0.0015852153301239014,
    "median": 0.0015852153301239014,
    "p75": 0.0015852153301239014,
    "max": 0.028076596558094025,
    "count": 27
  },
  "major_gb": {
    "sum": 0.1340465024113655,
    "avg": 0.004964685274495019,
    "min": 0.0016157552599906921,
    "p10": 0.0016157552599906921,
    "median": 0.003148280084133148,
    "p75": 0.0031483136117458344,
    "max": 0.02994580566883087,
    "count": 27
  },
  "allocated_gb": {
    "sum": 5.564569361507893,
    "avg": 0.20609516153732935,
    "min": 0.0071891918778419495,
    "p10": 0.0071893110871315,
    "median": 0.011705063283443451,
    "p75": 0.012195397168397903,
    "max": 2.520956262946129,
    "count": 27
  },
  "minor_collections": {
    "sum": 822.0,
    "avg": 30.444444444444443,
    "min": 5.0,
    "p10": 5.0,
    "median": 5.0,
    "p75": 5.0,
    "max": 330.0,
    "count": 27
  },
  "major_collections": {
    "sum": 17.0,
    "avg": 0.6296296296296297,
    "min": 0.0,
    "p10": 0.0,
    "median": 0.0,
    "p75": 0.0,
    "max": 7.0,
    "count": 27
  },
  "compactions": {
    "sum": 0.0,
    "avg": 0.0,
    "min": 0.0,
    "p10": 0.0,
    "median": 0.0,
    "p75": 0.0,
    "max": 0.0,
    "count": 27
  },
  "top_heap_gb": {
    "sum": 0.145965576171875,
    "avg": 0.005406132450810185,
    "min": 0.003662109375,
    "p10": 0.003662109375,
    "median": 0.003662109375,
    "p75": 0.003662109375,
    "max": 0.019641876220703125,
    "count": 27
  },
  "stack_kb": {
    "sum": 9.9140625,
    "avg": 0.3671875,
    "min": 0.3671875,
    "p10": 0.3671875,
    "median": 0.3671875,
    "p75": 0.3671875,
    "max": 0.3671875,
    "count": 27
  },
  "minor_heap_kb": {
    "sum": 221184.0,
    "avg": 8192.0,
    "min": 8192.0,
    "p10": 8192.0,
    "median": 8192.0,
    "p75": 8192.0,
    "max": 8192.0,
    "count": 27
  },
  "attributes_table": {
    "num_bindings": {
      "sum": 50.0,
      "avg": 1.8518518518518519,
      "min": 0.0,
      "p10": 0.0,
      "median": 1.0,
      "p75": 1.0,
      "max": 15.0,
      "count": 27
    },
    "num_buckets": {
      "sum": 432.0,
      "avg": 16.0,
      "min": 16.0,
      "p10": 16.0,
      "median": 16.0,
      "p75": 16.0,
      "max": 16.0,
      "count": 27
    },
    "max_bucket_length": {
      "sum": 20.0,
      "avg": 0.7407407407407407,
      "min": 0.0,
      "p10": 0.0,
      "median": 1.0,
      "p75": 1.0,
      "max": 3.0,
      "count": 27
    }
  }
}