{
  "rtime": {
    "sum": 0.9688501358032227,
    "avg": 0.3229500452677409,
    "min": 0.046720027923583984,
    "p10": 0.0556255578994751,
    "median": 0.06453108787536621,
    "p75": 0.46106505393981934,
    "max": 0.8575990200042725,
    "count": 3
  },
  "utime": {
    "sum": 0.28066800000000003,
    "avg": 0.09355600000000001,
    "min": 0.025111,
    "p10": 0.030638500000000003,
    "median": 0.036166000000000004,
    "p75": 0.12777850000000002,
    "max": 0.219391,
    "count": 3
  },
  "stime": {
    "sum": 0.040582,
    "avg": 0.013527333333333334,
    "min": 0.007428000000000001,
    "p10": 0.009724500000000001,
    "median": 0.012020999999999999,
    "p75": 0.016576999999999998,
    "max": 0.021133,
    "count": 3
  },
  "cutime": {
    "sum": 1.1876799999999998,
    "avg": 0.39589333333333326,
    "min": 0.002422,
    "p10": 0.0024235000000000003,
    "median": 0.002425,
    "p75": 0.592629,
    "max": 1.182833,
    "count": 3
  },
  "cstime": {
    "sum": 0.09596399999999999,
    "avg": 0.031987999999999996,
    "min": 0.003245,
    "p10": 0.003266,
    "median": 0.003287,
    "p75": 0.0463595,
    "max": 0.089432,
    "count": 3
  },
  "minor_gb": {
    "sum": 0.07623805105686188,
    "avg": 0.025412683685620625,
    "min": 0.011115379631519318,
    "p10": 0.016717124730348587,
    "median": 0.022318869829177856,
    "p75": 0.03256133571267128,
    "max": 0.0428038015961647,
    "count": 3
  },
  "promoted_gb": {
    "sum": 0.016405805945396423,
    "avg": 0.005468601981798808,
    "min": 0.0015852153301239014,
    "p10": 0.0021443702280521393,
    "median": 0.002703525125980377,
    "p75": 0.007410295307636261,
    "max": 0.012117065489292145,
    "count": 3
  },
  "major_gb": {
    "sum": 0.02032400667667389,
    "avg": 0.006774668892224629,
    "min": 0.0025046542286872864,
    "p10": 0.0030842646956443787,
    "median": 0.003663875162601471,
    "p75": 0.008909676223993301,
    "max": 0.014155477285385132,
    "count": 3
  },
  "allocated_gb": {
    "sum": 0.08015625178813934,
    "avg": 0.026718750596046448,
    "min": 0.012034818530082703,
    "p10": 0.017657019197940826,
    "median": 0.02327921986579895,
    "p75": 0.03406071662902832,
    "max": 0.04484221339225769,
    "count": 3
  },
  "minor_collections": {
    "sum": 22.0,
    "avg": 7.333333333333333,
    "min": 5.0,
    "p10": 6.0,
    "median": 7.0,
    "p75": 8.5,
    "max": 10.0,
    "count": 3
  },
  "major_collections": {
    "sum": 2.0,
    "avg": 0.6666666666666666,
    "min": 0.0,
    "p10": 0.5,
    "median": 1.0,
    "p75": 1.0,
    "max": 1.0,
    "count": 3
  },
  "compactions": {
    "sum": 0.0,
    "avg": 0.0,
    "min": 0.0,
    "p10": 0.0,
    "median": 0.0,
    "p75": 0.0,
    "max": 0.0,
    "count": 3
  },
  "top_heap_gb": {
    "sum": 0.022785186767578125,
    "avg": 0.007595062255859375,
    "min": 0.003662109375,
    "p10": 0.003936767578125,
    "median": 0.00421142578125,
    "p75": 0.009561538696289062,
    "max": 0.014911651611328125,
    "count": 3
  },
  "stack_kb": {
    "sum": 1.1015625,
    "avg": 0.3671875,
    "min": 0.3671875,
    "p10": 0.3671875,
    "median": 0.3671875,
    "p75": 0.3671875,
    "max": 0.3671875,
    "count": 3
  },
  "minor_heap_kb": {
    "sum": 24576.0,
    "avg": 8192.0,
    "min": 8192.0,
    "p10": 8192.0,
    "median": 8192.0,
    "p75": 8192.0,
    "max": 8192.0,
    "count": 3
  },
  "attributes_table": {
    "num_bindings": {
      "sum": 5.0,
      "avg": 1.6666666666666667,
      "min": 0.0,
      "p10": 1.0,
      "median": 2.0,
      "p75": 2.5,
      "max": 3.0,
      "count": 3
    },
    "num_buckets": {
      "sum": 48.0,
      "avg": 16.0,
      "min": 16.0,
      "p10": 16.0,
      "median": 16.0,
      "p75": 16.0,
      "max": 16.0,
      "count": 3
    },
    "max_bucket_length": {
      "sum": 2.0,
      "avg": 0.6666666666666666,
      "min": 0.0,
      "p10": 0.5,
      "median": 1.0,
      "p75": 1.0,
      "max": 1.0,
      "count": 3
    }
  }
}