{
  "rtime": {
    "sum": 7.073527574539185,
    "avg": 0.26198250276071056,
    "min": 0.022945880889892578,
    "p10": 0.023999571800231934,
    "median": 0.058483123779296875,
    "p75": 0.07798254489898682,
    "max": 2.3112449645996094,
    "count": 27
  },
  "utime": {
    "sum": 4.652911,
    "avg": 0.17233003703703703,
    "min": 0.010737999999999998,
    "p10": 0.0110785,
    "median": 0.038384,
    "p75": 0.0395735,
    "max": 1.7777979999999998,
    "count": 27
  },
  "stime": {
    "sum": 0.351027,
    "avg": 0.013000999999999999,
    "min": 0.003601,
    "p10": 0.0037255000000000005,
    "median": 0.008119999999999999,
    "p75": 0.009257999999999999,
    "max": 0.074365,
    "count": 27
  },
  "cutime": {
    "sum": 1.536612,
    "avg": 0.056911555555555556,
    "min": 0.003081,
    "p10": 0.0032495,
    "median": 0.003353,
    "p75": 0.0034419999999999997,
    "max": 1.448577,
    "count": 27
  },
  "cstime": {
    "sum": 0.25466400000000006,
    "avg": 0.009432000000000003,
    "min": 0.004285,
    "p10": 0.0043820000000000005,
    "median": 0.004758,
    "p75": 0.004993,
    "max": 0.128607,
    "count": 27
  },
  "minor_gb": {
    "sum": 5.5388878136873245,
    "avg": 0.20514399309953055,
    "min": 0.007158651947975159,
    "p10": 0.0071587711572647095,
    "median": 0.010142013430595398,
    "p75": 0.010630760341882706,
    "max": 2.519087068736553,
    "count": 27
  },
  "promoted_gb": {
    "sum": 0.1067364290356636,
    "avg": 0.003953201075394948,
    "min": 0.0015852153301239014,
    "p10": 0.0015852153301239014,
    "median": 0.0015852153301239014,
    "p75": 0.0015852153301239014,
    "max": 0.028076596558094025,
    "count": 27
  },
  "major_gb": {
    "sum": 0.13405678421258926,
    "avg": 0.00496506608194775,
    "min": 0.0016157552599906921,
    "p10": 0.0016157552599906921,
    "median": 0.003148280084133148,
    "p75": 0.0031483136117458344,
    "max": 0.02994580566883087,
    "count": 27
  },
  "allocated_gb": {
    "sum": 5.56620816886425,
    "avg": 0.20615585810608333,
    "min": 0.0071891918778419495,
    "p10": 0.0071893110871315,
    "median": 0.011705078184604645,
    "p75": 0.012195397168397903,
    "max": 2.52095627784729,
    "count": 27
  },
  "minor_collections": {
    "sum": 822.0,
    "avg": 30.444444444444443,
    "min": 5.0,
    "p10": 5.0,
    "median": 5.0,
    "p75": 5.0,
    "max": 330.0,
    "count": 27
  },
  "major_collections": {
    "sum": 17.0,
    "avg": 0.6296296296296297,
    "min": 0.0,
    "p10": 0.0,
    "median": 0.0,
    "p75": 0.0,
    "max": 7.0,
    "count": 27
  },
  "compactions": {
    "sum": 0.0,
    "avg": 0.0,
    "min": 0.0,
    "p10": 0.0,
    "median": 0.0,
    "p75": 0.0,
    "max": 0.0,
    "count": 27
  },
  "top_heap_gb": {
    "sum": 0.145965576171875,
    "avg": 0.005406132450810185,
    "min": 0.003662109375,
    "p10": 0.003662109375,
    "median": 0.003662109375,
    "p75": 0.003662109375,
    "max": 0.019641876220703125,
    "count": 27
  },
  "stack_kb": {
    "sum": 9.9140625,
    "avg": 0.3671875,
    "min": 0.3671875,
    "p10": 0.3671875,
    "median": 0.3671875,
    "p75": 0.3671875,
    "max": 0.3671875,
    "count": 27
  },
  "minor_heap_kb": {
    "sum": 221184.0,
    "avg": 8192.0,
    "min": 8192.0,
    "p10": 8192.0,
    "median": 8192.0,
    "p75": 8192.0,
    "max": 8192.0,
    "count": 27
  },
  "attributes_table": {
    "num_bindings": {
      "sum": 50.0,
      "avg": 1.8518518518518519,
      "min": 0.0,
      "p10": 0.0,
      "median": 1.0,
      "p75": 1.0,
      "max": 15.0,
      "count": 27
    },
    "num_buckets": {
      "sum": 432.0,
      "avg": 16.0,
      "min": 16.0,
      "p10": 16.0,
      "median": 16.0,
      "p75": 16.0,
      "max": 16.0,
      "count": 27
    },
    "max_bucket_length": {
      "sum": 19.0,
      "avg": 0.7037037037037037,
      "min": 0.0,
      "p10": 0.0,
      "median": 1.0,
      "p75": 1.0,
      "max": 3.0,
      "count": 27
    }
  }
}