{
  "rtime": 0.12408590316772461,
  "utime": 0.058214,
  "stime": 0.015159999999999998,
  "cutime": 0.003328,
  "cstime": 0.004652,
  "minor_gb": 0.031751759350299835,
  "promoted_gb": 0.0027321502566337585,
  "major_gb": 0.004347309470176697,
  "allocated_gb": 0.03336691856384277,
  "minor_collections": 8,
  "major_collections": 1,
  "compactions": 0,
  "top_heap_gb": 0.00484466552734375,
  "stack_kb": 0.3671875,
  "minor_heap_kb": 8192.0,
  "attributes_table": {
    "num_bindings": 4,
    "num_buckets": 16,
    "max_bucket_length": 2
  }
}