{
  "rtime": 0.4240398406982422,
  "utime": 0.369156,
  "stime": 0.018613,
  "cutime": 0.003718,
  "cstime": 0.005688,
  "minor_gb": 0.5469769388437271,
  "promoted_gb": 0.005373373627662659,
  "major_gb": 0.007024392485618591,
  "allocated_gb": 0.548627957701683,
  "minor_collections": 75,
  "major_collections": 2,
  "compactions": 0,
  "top_heap_gb": 0.00737762451171875,
  "stack_kb": 0.3671875,
  "minor_heap_kb": 8192.0,
  "attributes_table": {
    "num_bindings": 5,
    "num_buckets": 16,
    "max_bucket_length": 2
  }
}