{
  "rtime": 0.06354904174804688,
  "utime": 0.03977,
  "stime": 0.008342,
  "cutime": 0.003081,
  "cstime": 0.004531,
  "minor_gb": 0.011216923594474792,
  "promoted_gb": 0.0015852153301239014,
  "major_gb": 0.0031478852033615112,
  "allocated_gb": 0.012779593467712402,
  "minor_collections": 5,
  "major_collections": 0,
  "compactions": 0,
  "top_heap_gb": 0.003662109375,
  "stack_kb": 0.3671875,
  "minor_heap_kb": 8192.0,
  "attributes_table": {
    "num_bindings": 1,
    "num_buckets": 16,
    "max_bucket_length": 1
  }
}