{
  "rtime": 0.022945880889892578,
  "utime": 0.011345999999999998,
  "stime": 0.004045,
  "cutime": 0.003289,
  "cstime": 0.004329,
  "minor_gb": 0.007268436253070831,
  "promoted_gb": 0.0015852153301239014,
  "major_gb": 0.0016208142042160034,
  "allocated_gb": 0.007304035127162933,
  "minor_collections": 5,
  "major_collections": 0,
  "compactions": 0,
  "top_heap_gb": 0.003662109375,
  "stack_kb": 0.3671875,
  "minor_heap_kb": 8192.0,
  "attributes_table": {
    "num_bindings": 0,
    "num_buckets": 16,
    "max_bucket_length": 0
  }
}