{
  "rtime": 1.9361162185668945,
  "utime": 1.621611,
  "stime": 0.039195,
  "cutime": 0.003475,
  "cstime": 0.005011,
  "minor_gb": 2.519087053835392,
  "promoted_gb": 0.028076596558094025,
  "major_gb": 0.02994580566883087,
  "allocated_gb": 2.520956262946129,
  "minor_collections": 330,
  "major_collections": 7,
  "compactions": 0,
  "top_heap_gb": 0.019641876220703125,
  "stack_kb": 0.3671875,
  "minor_heap_kb": 8192.0,
  "attributes_table": {
    "num_bindings": 14,
    "num_buckets": 16,
    "max_bucket_length": 2
  }
}