{
  "rtime": 0.09001302719116211,
  "utime": 0.039675,
  "stime": 0.009885,
  "cutime": 0.003428,
  "cstime": 0.005117,
  "minor_gb": 0.010142296552658081,
  "promoted_gb": 0.0015852153301239014,
  "major_gb": 0.003148280084133148,
  "allocated_gb": 0.011705361306667328,
  "minor_collections": 5,
  "major_collections": 0,
  "compactions": 0,
  "top_heap_gb": 0.003662109375,
  "stack_kb": 0.3671875,
  "minor_heap_kb": 8192.0,
  "attributes_table": {
    "num_bindings": 1,
    "num_buckets": 16,
    "max_bucket_length": 1
  }
}