{
  "rtime": 0.026554107666015625,
  "utime": 0.011466999999999998,
  "stime": 0.0037719999999999993,
  "cutime": 0.003595,
  "cstime": 0.005377,
  "minor_gb": 0.007189646363258362,
  "promoted_gb": 0.0015852153301239014,
  "major_gb": 0.0016157552599906921,
  "allocated_gb": 0.007220186293125153,
  "minor_collections": 5,
  "major_collections": 0,
  "compactions": 0,
  "top_heap_gb": 0.003662109375,
  "stack_kb": 0.3671875,
  "minor_heap_kb": 8192.0,
  "attributes_table": {
    "num_bindings": 0,
    "num_buckets": 16,
    "max_bucket_length": 0
  }
}