{
  "rtime": 2.3112449645996094,
  "utime": 1.7777979999999998,
  "stime": 0.074365,
  "cutime": 0.003242,
  "cstime": 0.004365,
  "minor_gb": 2.519087068736553,
  "promoted_gb": 0.028076596558094025,
  "major_gb": 0.02994580566883087,
  "allocated_gb": 2.52095627784729,
  "minor_collections": 330,
  "major_collections": 7,
  "compactions": 0,
  "top_heap_gb": 0.019641876220703125,
  "stack_kb": 0.3671875,
  "minor_heap_kb": 8192.0,
  "attributes_table": {
    "num_bindings": 14,
    "num_buckets": 16,
    "max_bucket_length": 2
  }
}