{
  "rtime": 2.0207860469818115,
  "utime": 1.6196139999999999,
  "stime": 0.07302600000000001,
  "cutime": 0.003419,
  "cstime": 0.004607,
  "minor_gb": 2.204072706401348,
  "promoted_gb": 0.023554980754852295,
  "major_gb": 0.025504544377326965,
  "allocated_gb": 2.206022270023823,
  "minor_collections": 289,
  "major_collections": 6,
  "compactions": 0,
  "top_heap_gb": 0.017078399658203125,
  "stack_kb": 0.3671875,
  "minor_heap_kb": 8192.0,
  "attributes_table": {
    "num_bindings": 15,
    "num_buckets": 16,
    "max_bucket_length": 3
  }
}