{
  "rtime": 0.1087331771850586,
  "utime": 0.06135700000000001,
  "stime": 0.015979,
  "cutime": 0.003278,
  "cstime": 0.004399,
  "minor_gb": 0.033389173448085785,
  "promoted_gb": 0.0027414411306381226,
  "major_gb": 0.004357591271400452,
  "allocated_gb": 0.035005323588848114,
  "minor_collections": 8,
  "major_collections": 1,
  "compactions": 0,
  "top_heap_gb": 0.00484466552734375,
  "stack_kb": 0.3671875,
  "minor_heap_kb": 8192.0,
  "attributes_table": {
    "num_bindings": 4,
    "num_buckets": 16,
    "max_bucket_length": 1
  }
}