{
  "rtime": 0.027901887893676758,
  "utime": 0.011173000000000002,
  "stime": 0.0036220000000000002,
  "cutime": 0.003278,
  "cstime": 0.004358,
  "minor_gb": 0.007159039378166199,
  "promoted_gb": 0.0015852153301239014,
  "major_gb": 0.0016157552599906921,
  "allocated_gb": 0.0071895793080329895,
  "minor_collections": 5,
  "major_collections": 0,
  "compactions": 0,
  "top_heap_gb": 0.003662109375,
  "stack_kb": 0.3671875,
  "minor_heap_kb": 8192.0,
  "attributes_table": {
    "num_bindings": 0,
    "num_buckets": 16,
    "max_bucket_length": 0
  }
}