{
  "rtime": 0.025728940963745117,
  "utime": 0.011317999999999998,
  "stime": 0.0037420000000000005,
  "cutime": 0.003383,
  "cstime": 0.004663,
  "minor_gb": 0.007158778607845306,
  "promoted_gb": 0.0015852153301239014,
  "major_gb": 0.0016157552599906921,
  "allocated_gb": 0.007189318537712097,
  "minor_collections": 5,
  "major_collections": 0,
  "compactions": 0,
  "top_heap_gb": 0.003662109375,
  "stack_kb": 0.3671875,
  "minor_heap_kb": 8192.0,
  "attributes_table": {
    "num_bindings": 0,
    "num_buckets": 16,
    "max_bucket_length": 0
  }
}