{
  "rtime": 0.06329703330993652,
  "utime": 0.038259,
  "stime": 0.007745,
  "cutime": 0.003416,
  "cstime": 0.005043,
  "minor_gb": 0.010141998529434204,
  "promoted_gb": 0.0015852153301239014,
  "major_gb": 0.003148280084133148,
  "allocated_gb": 0.011705063283443451,
  "minor_collections": 5,
  "major_collections": 0,
  "compactions": 0,
  "top_heap_gb": 0.003662109375,
  "stack_kb": 0.3671875,
  "minor_heap_kb": 8192.0,
  "attributes_table": {
    "num_bindings": 1,
    "num_buckets": 16,
    "max_bucket_length": 1
  }
}