{
  "rtime": 0.02424907684326172,
  "utime": 0.010807999999999998,
  "stime": 0.003896,
  "cutime": 0.003281,
  "cstime": 0.004892,
  "minor_gb": 0.007158920168876648,
  "promoted_gb": 0.0015852153301239014,
  "major_gb": 0.0016157552599906921,
  "allocated_gb": 0.007189460098743439,
  "minor_collections": 5,
  "major_collections": 0,
  "compactions": 0,
  "top_heap_gb": 0.003662109375,
  "stack_kb": 0.3671875,
  "minor_heap_kb": 8192.0,
  "attributes_table": {
    "num_bindings": 0,
    "num_buckets": 16,
    "max_bucket_length": 0
  }
}