{
  "rtime": 39.678329944610596,
  "utime": 0.015447,
  "stime": 0.023436000000000002,
  "cutime": 20.694843,
  "cstime": 3.573347,
  "minor_gb": 0.009249337017536163,
  "promoted_gb": 0.001539185643196106,
  "major_gb": 0.0027296990156173706,
  "allocated_gb": 0.010439850389957428,
  "minor_collections": 5,
  "major_collections": 0,
  "compactions": 0,
  "top_heap_gb": 0.003662109375,
  "stack_kb": 0.3671875,
  "minor_heap_kb": 8192.0,
  "attributes_table": {
    "num_bindings": 0,
    "num_buckets": 16,
    "max_bucket_length": 0
  }
}