{
  "rtime": 0.06306600570678711,
  "utime": 0.038837,
  "stime": 0.008844000000000001,
  "cutime": 0.003303,
  "cstime": 0.00481,
  "minor_gb": 0.010142013430595398,
  "promoted_gb": 0.0015852153301239014,
  "major_gb": 0.003148280084133148,
  "allocated_gb": 0.011705078184604645,
  "minor_collections": 5,
  "major_collections": 0,
  "compactions": 0,
  "top_heap_gb": 0.003662109375,
  "stack_kb": 0.3671875,
  "minor_heap_kb": 8192.0,
  "attributes_table": {
    "num_bindings": 1,
    "num_buckets": 16,
    "max_bucket_length": 1
  }
}