{
  "rtime": 0.06595206260681152,
  "utime": 0.039472,
  "stime": 0.00911,
  "cutime": 0.003245,
  "cstime": 0.004561,
  "minor_gb": 0.011115364730358124,
  "promoted_gb": 0.0015852153301239014,
  "major_gb": 0.0031513869762420654,
  "allocated_gb": 0.012681536376476288,
  "minor_collections": 5,
  "major_collections": 0,
  "compactions": 0,
  "top_heap_gb": 0.003662109375,
  "stack_kb": 0.3671875,
  "minor_heap_kb": 8192.0,
  "attributes_table": {
    "num_bindings": 2,
    "num_buckets": 16,
    "max_bucket_length": 1
  }
}