{
  "rtime": 0.06453108787536621,
  "utime": 0.036166000000000004,
  "stime": 0.012020999999999999,
  "cutime": 0.002425,
  "cstime": 0.003287,
  "minor_gb": 0.022318869829177856,
  "promoted_gb": 0.002703525125980377,
  "major_gb": 0.003663875162601471,
  "allocated_gb": 0.02327921986579895,
  "minor_collections": 7,
  "major_collections": 1,
  "compactions": 0,
  "top_heap_gb": 0.00421142578125,
  "stack_kb": 0.3671875,
  "minor_heap_kb": 8192.0,
  "attributes_table": {
    "num_bindings": 3,
    "num_buckets": 16,
    "max_bucket_length": 1
  }
}