{
  "rtime": 0.07124614715576172,
  "utime": 0.040221,
  "stime": 0.009979999999999999,
  "cutime": 0.003583,
  "cstime": 0.006118,
  "minor_gb": 0.010141365230083466,
  "promoted_gb": 0.0015852153301239014,
  "major_gb": 0.0031482651829719543,
  "allocated_gb": 0.011704415082931519,
  "minor_collections": 5,
  "major_collections": 0,
  "compactions": 0,
  "top_heap_gb": 0.003662109375,
  "stack_kb": 0.3671875,
  "minor_heap_kb": 8192.0,
  "attributes_table": {
    "num_bindings": 1,
    "num_buckets": 16,
    "max_bucket_length": 1
  }
}