{
  "rtime": 0.5188970565795898,
  "utime": 0.38951800000000003,
  "stime": 0.024717999999999997,
  "cutime": 0.004033,
  "cstime": 0.006506,
  "minor_gb": 0.5469769239425659,
  "promoted_gb": 0.005373373627662659,
  "major_gb": 0.007024392485618591,
  "allocated_gb": 0.5486279428005219,
  "minor_collections": 75,
  "major_collections": 2,
  "compactions": 0,
  "top_heap_gb": 0.00737762451171875,
  "stack_kb": 0.3671875,
  "minor_heap_kb": 8192.0,
  "attributes_table": {
    "num_bindings": 5,
    "num_buckets": 16,
    "max_bucket_length": 2
  }
}